{"cameraMode":{"drawMode":0,"name":"Shaded","section":"Shading Mode"},"sceneLighting":true,"audioPlay":false,"sceneViewState":{"m_AlwaysRefresh":false,"showFog":true,"showSkybox":true,"showFlares":true,"showImageEffects":true,"showParticleSystems":true,"showVisualEffectGraphs":true,"m_FxEnabled":true},"in2DMode":false,"pivot":{"x":-0.18675434589385987,"y":-13.644668579101563,"z":9.023724555969239},"rotation":{"x":0.3055990934371948,"y":-0.03760238364338875,"z":0.012076962739229203,"w":0.9513674974441528},"size":20.750865936279298,"orthographic":false}